Workbook

Sheet Weighting
A1: Indicator | B1: JRCII | C1: EnvCosts | D1: Equilibrium
A2: acidification | B2: 0.2106 | C2: 0.2106 | D2: =VLOOKUP(A2,Equilibrium!$A$2:$E$17,5,FALSE) -> 0.069488818
A3: climate change | B3: 0.062 | C3: 0.062 | D3: =VLOOKUP(A3,Equilibrium!$A$2:$E$17,5,FALSE) -> 0.053514377
A4: climate change: biogenic | B4: 0.0192 | C4: 0.0192 | D4: =VLOOKUP(A4,Equilibrium!$A$2:$E$17,5,FALSE) -> 0.013578275 | F4: values are completely wrong - correction needed!
A5: climate change: fossil | B5: 0.028 | C5: 0.028 | D5: =VLOOKUP(A5,Equilibrium!$A$2:$E$17,5,FALSE) -> 0.037539936
A6: climate change: land use and land use change | B6: 0.0296 | C6: 0.0296 | D6: =VLOOKUP(A6,Equilibrium!$A$2:$E$17,5,FALSE) -> 0.042332268
A7: ecotoxicity: freshwater | B7: 0.0371 | C7: 0.0371 | D7: =VLOOKUP(A7,Equilibrium!$A$2:$E$17,5,FALSE) -> 0.053514377
A8: ecotoxicity: freshwater, inorganics | B8: 0.0213 | C8: 0.0213 | D8: =VLOOKUP(A8,Equilibrium!$A$2:$E$17,5,FALSE) -> 0.013578275
A9: ecotoxicity: freshwater, organics | B9: 0.0501 | C9: 0.0501 | D9: =VLOOKUP(A9,Equilibrium!$A$2:$E$17,5,FALSE) -> 0.037539936
A10: energy resources: non-renewable | B10: 0.0184 | C10: 0.0184 | D10: =VLOOKUP(A10,Equilibrium!$A$2:$E$17,5,FALSE) -> 0.013578275
A11: eutrophication: freshwater | B11: 0.0631 | C11: 0.0631 | D11: =VLOOKUP(A11,Equilibrium!$A$2:$E$17,5,FALSE) -> 0.047923323
A12: eutrophication: marine | B12: 0.0478 | C12: 0.0478 | D12: =VLOOKUP(A12,Equilibrium!$A$2:$E$17,5,FALSE) -> 0.042332268
A13: eutrophication: terrestrial | B13: 0.0896 | C13: 0.0896 | D13: =VLOOKUP(A13,Equilibrium!$A$2:$E$17,5,FALSE) -> 0.069488818
A14: human toxicity: carcinogenic | B14: 0.0851 | C14: 0.0851 | D14: =VLOOKUP(A14,Equilibrium!$A$2:$E$17,5,FALSE) -> 0.037539936
A15: human toxicity: carcinogenic, inorganics | B15: 0.0832 | C15: 0.0832 | D15: =VLOOKUP(A15,Equilibrium!$A$2:$E$17,5,FALSE) -> 0.047923323
A16: human toxicity: carcinogenic, organics | B16: 0.0794 | C16: 0.0794 | D16: =VLOOKUP(A16,Equilibrium!$A$2:$E$17,5,FALSE) -> 0.037539936
... A26: water use | B26: 0.0184 | C26: 0.0184 | D26: =VLOOKUP(A26,Equilibrium!$A$2:$E$17,5,FALSE) -> #N/A

Sheet Normalisation
A1: Indicator | B1: JRCII | C1: EnvCosts | D1: Equilibrium
A2: acidification | B2: 5.3499808e+13 | C2: 5.3499808e+13 | D2: 5.3499808e+13
A3: climate change | B3: 383000000000 | C3: 383000000000 | D3: 383000000000
A4: climate change: biogenic | B4: 8.1469333e+13 | C4: 8.1469333e+13 | D4: 8.1469333e+13 | F4: values are completely wrong - correction needed!
A5: climate change: fossil | B5: 17600000000 | C5: 17600000000 | D5: 17600000000
A6: climate change: land use and land use change | B6: 195000000000 | C6: 195000000000 | D6: 195000000000
A7: ecotoxicity: freshwater | B7: 1220000000000 | C7: 1220000000000 | D7: 1220000000000
A8: ecotoxicity: freshwater, inorganics | B8: 265544.36 | C8: 265544.36 | D8: 265544.36
A9: ecotoxicity: freshwater, organics | B9: 2.9101754e+13 | C9: 2.9101754e+13 | D9: 2.9101754e+13
A10: energy resources: non-renewable | B10: 3274782.6 | C10: 3274782.6 | D10: 3274782.6
A11: eutrophication: freshwater | B11: 1.6105249e+08 | C11: 1.6105249e+08 | D11: 1.6105249e+08
A12: eutrophication: marine | B12: 280000000000 | C12: 280000000000 | D12: 280000000000
A13: eutrophication: terrestrial | B13: 4390385 | C13: 4390385 | D13: 4390385
A14: human toxicity: carcinogenic | B14: 7.9086942e+13 | C14: 7.9086942e+13 | D14: 7.9086942e+13
A15: human toxicity: carcinogenic, inorganics | B15: 450000000000000 | C15: 450000000000000 | D15: 450000000000000
A16: human toxicity: carcinogenic, organics | B16: 9.2022938e+15 | C16: 9.2022938e+15 | D16: 9.2022938e+15
... A26: water use | B26: 3274782.6 | C26: 3274782.6 | D26: 3274782.6

Sheet Normalisation_p_person
A1: Indicator | B1: JRCII | C1: EnvCosts | D1: Equilibrium
A2: acidification | B2: 7758.2176 | C2: 7758.2176 | D2: 7758.2176
A3: climate change | B3: 55.540337 | C3: 55.540337 | D3: 55.540337
A4: climate change: biogenic | B4: 11814.189 | C4: 11814.189 | D4: 11814.189 | F4: values are completely wrong - correction needed!
A5: climate change: fossil | B5: 2.5522453 | C5: 2.5522453 | D5: 2.5522453
A6: climate change: land use and land use change | B6: 28.277717 | C6: 28.277717 | D6: 28.277717
A7: ecotoxicity: freshwater | B7: 176.917 | C7: 176.917 | D7: 176.917
A8: ecotoxicity: freshwater, inorganics | B8: 3.8507633e-05 | C8: 3.8507633e-05 | D8: 3.8507633e-05
A9: ecotoxicity: freshwater, organics | B9: 4220.1598 | C9: 4220.1598 | D9: 4220.1598
A10: energy resources: non-renewable | B10: 0.00047488911 | C10: 0.00047488911 | D10: 0.00047488911
A11: eutrophication: freshwater | B11: 0.023354856 | C11: 0.023354856 | D11: 0.023354856
A12: eutrophication: marine | B12: 40.603902 | C12: 40.603902 | D12: 40.603902
A13: eutrophication: terrestrial | B13: 0.00063666701 | C13: 0.00063666701 | D13: 0.00063666701
A14: human toxicity: carcinogenic | B14: 11468.709 | C14: 11468.709 | D14: 11468.709
A15: human toxicity: carcinogenic, inorganics | B15: 65256.271 | C15: 65256.271 | D15: 65256.271
A16: human toxicity: carcinogenic, organics | B16: 1334460.8 | C16: 1334460.8 | D16: 1334460.8
... A26: water use | B26: 0.00047488911 | C26: 0.00047488911 | D26: 0.00047488911

Sheet Equilibrium
B1: WFs (excluding robustness) | C1: Robustness | E1: equal weighting incl. Robustness
A2: acidification | B2: =1/16 -> 0.0625 | C2: 0.87 | D2: =B2*C2 -> 0.054375 | E2: =D2/$D$27 -> 0.069488818
A3: climate change | B3: =1/16 -> 0.0625 | C3: 0.67 | D3: =B3*C3 -> 0.041875 | E3: =D3/$D$27 -> 0.053514377
A4: climate change: biogenic | B4: =1/16 -> 0.0625 | C4: 0.17 | D4: =B4*C4 -> 0.010625 | E4: =D4/$D$27 -> 0.013578275 | G4: values are completely wrong - correction needed!
A5: climate change: fossil | B5: =1/16 -> 0.0625 | C5: 0.47 | D5: =B5*C5 -> 0.029375 | E5: =D5/$D$27 -> 0.037539936
A6: climate change: land use and land use change | B6: =1/16 -> 0.0625 | C6: 0.53 | D6: =B6*C6 -> 0.033125 | E6: =D6/$D$27 -> 0.042332268
A7: ecotoxicity: freshwater | B7: =1/16 -> 0.0625 | C7: 0.67 | D7: =B7*C7 -> 0.041875 | E7: =D7/$D$27 -> 0.053514377
A8: ecotoxicity: freshwater, inorganics | B8: =1/16 -> 0.0625 | C8: 0.17 | D8: =B8*C8 -> 0.010625 | E8: =D8/$D$27 -> 0.013578275
A9: ecotoxicity: freshwater, organics | B9: =1/16 -> 0.0625 | C9: 0.47 | D9: =B9*C9 -> 0.029375 | E9: =D9/$D$27 -> 0.037539936
A10: energy resources: non-renewable | B10: =1/16 -> 0.0625 | C10: 0.17 | D10: =B10*C10 -> 0.010625 | E10: =D10/$D$27 -> 0.013578275
A11: eutrophication: freshwater | B11: =1/16 -> 0.0625 | C11: 0.6 | D11: =B11*C11 -> 0.0375 | E11: =D11/$D$27 -> 0.047923323
A12: eutrophication: marine | B12: =1/16 -> 0.0625 | C12: 0.53 | D12: =B12*C12 -> 0.033125 | E12: =D12/$D$27 -> 0.042332268
A13: eutrophication: terrestrial | B13: =1/16 -> 0.0625 | C13: 0.87 | D13: =B13*C13 -> 0.054375 | E13: =D13/$D$27 -> 0.069488818
A14: human toxicity: carcinogenic | B14: =1/16 -> 0.0625 | C14: 0.47 | D14: =B14*C14 -> 0.029375 | E14: =D14/$D$27 -> 0.037539936
A15: human toxicity: carcinogenic, inorganics | B15: =1/16 -> 0.0625 | C15: 0.6 | D15: =B15*C15 -> 0.0375 | E15: =D15/$D$27 -> 0.047923323
A16: human toxicity: carcinogenic, organics | B16: =1/16 -> 0.0625 | C16: 0.47 | D16: =B16*C16 -> 0.029375 | E16: =D16/$D$27 -> 0.037539936
... A26: water use | B26: =1/16 -> 0.0625 | C26: 0.17 | D26: =B26*C26 -> 0.010625 | E26: =D26/$D$27 -> 0.013578275
D27: =SUM(D2:D26) -> 0.7825 | E27: =SUM(E2:E26) -> 1
